{"info":{"year":"2022","version":"1","description":"Exported from roboflow.ai","contributor":"","url":"https://public.roboflow.ai/object-detection/undefined","date_created":"2022-11-21T06:22:14+00:00"},"licenses":[{"id":1,"url":"https://creativecommons.org/licenses/by/4.0/","name":"CC BY 4.0"}],"categories":[{"id":0,"name":"images","supercategory":"none"},{"id":1,"name":"hammerrotation","supercategory":"images"},{"id":2,"name":"pliersrotation","supercategory":"images"},{"id":3,"name":"screwdriversrotation","supercategory":"images"},{"id":4,"name":"shlevesrotation","supercategory":"images"},{"id":5,"name":"storage cabinetsrotation","supercategory":"images"},{"id":6,"name":"wall panelsrotation","supercategory":"images"},{"id":7,"name":"work benchesrotation","supercategory":"images"},{"id":8,"name":"wrenchesrotation","supercategory":"images"}],"images":[{"id":0,"license":1,"file_name":"9_jpeg.rf.02a0e8be181f3e04b252bb91c0ae0582.jpg","height":640,"width":640,"date_captured":"2022-11-21T06:22:14+00:00"},{"id":1,"license":1,"file_name":"000077-1-_jpg.rf.0c4e35e7b2f55cd3e67c90d22c94b4b3.jpg","height":640,"width":640,"date_captured":"2022-11-21T06:22:14+00:00"},{"id":2,"license":1,"file_name":"1_1_jpg.rf.1876271db9e5afc2728f105b6541c9d6.jpg","height":640,"width":640,"date_captured":"2022-11-21T06:22:14+00:00"},{"id":3,"license":1,"file_name":"s9_jpeg.rf.1ea2f0c4150c85a5b9e7b4de6af2c324.jpg","height":640,"width":640,"date_captured":"2022-11-21T06:22:14+00:00"},{"id":4,"license":1,"file_name":"000078-2-_jpg.rf.38db4e416f05d4136daac0f59f5dcbef.jpg","height":640,"width":640,"date_captured":"2022-11-21T06:22:14+00:00"},{"id":5,"license":1,"file_name":"000076-3-_jpg.rf.44c91bb58cb652d6d8c68cb01daf1b38.jpg","height":640,"width":640,"date_captured":"2022-11-21T06:22:14+00:00"},{"id":6,"license":1,"file_name":"w3_jpeg.rf.2942d0b0683957415ca14df07d3ce5c9.jpg","height":640,"width":640,"date_captured":"2022-11-21T06:22:14+00:00"},{"id":7,"license":1,"file_name":"000075-2-_jpg.rf.0307eca2ac63201b494984a533822293.jpg","height":640,"width":640,"date_captured":"2022-11-21T06:22:14+00:00"},{"id":8,"license":1,"file_name":"4_jpeg.rf.0e1c4cfa26abfe607a047f63e8664ac7.jpg","height":640,"width":640,"date_captured":"2022-11-21T06:22:14+00:00"},{"id":9,"license":1,"file_name":"s4_jpeg.rf.452182f7d9cff4abecbdea7f27fb9256.jpg","height":640,"width":640,"date_captured":"2022-11-21T06:22:14+00:00"},{"id":10,"license":1,"file_name":"d6_jpg.rf.1f46f97dbcbf90aaf31c9507b5ff19ac.jpg","height":640,"width":640,"date_captured":"2022-11-21T06:22:14+00:00"},{"id":11,"license":1,"file_name":"wb4_jpg.rf.19e4fb8a6b53447a6c85c3e7af713899.jpg","height":640,"width":640,"date_captured":"2022-11-21T06:22:14+00:00"},{"id":12,"license":1,"file_name":"d5_jpg.rf.281caa02385271a248971dc7654d982d.jpg","height":640,"width":640,"date_captured":"2022-11-21T06:22:14+00:00"},{"id":13,"license":1,"file_name":"z6_jpeg.rf.4eda70630dbea55ba30f9682eab456cc.jpg","height":640,"width":640,"date_captured":"2022-11-21T06:22:14+00:00"},{"id":14,"license":1,"file_name":"d3_jpeg.rf.5119d0fb08f64fe9ab458a435b7e0eca.jpg","height":640,"width":640,"date_captured":"2022-11-21T06:22:14+00:00"},{"id":15,"license":1,"file_name":"wb2_jpg.rf.48b730856d96b175ed697734f152dee9.jpg","height":640,"width":640,"date_captured":"2022-11-21T06:22:14+00:00"},{"id":16,"license":1,"file_name":"000062-2-_jpg.rf.580f3551c5cd91fdf05745e29476a40d.jpg","height":640,"width":640,"date_captured":"2022-11-21T06:22:14+00:00"},{"id":17,"license":1,"file_name":"000078-1-_jpg.rf.5e43579bab572bdc72dfe7111be34c4b.jpg","height":640,"width":640,"date_captured":"2022-11-21T06:22:14+00:00"},{"id":18,"license":1,"file_name":"8_1_png.rf.8139da822005907277f4044a03ce1682.jpg","height":640,"width":640,"date_captured":"2022-11-21T06:22:14+00:00"},{"id":19,"license":1,"file_name":"t2_jpeg.rf.8a75beece8b9e73ba62c4b14f1d674d2.jpg","height":640,"width":640,"date_captured":"2022-11-21T06:22:14+00:00"},{"id":20,"license":1,"file_name":"6_1_jpg.rf.60956c6be2fcb4d78354dfb7960f7438.jpg","height":640,"width":640,"date_captured":"2022-11-21T06:22:14+00:00"},{"id":21,"license":1,"file_name":"2_jpeg.rf.7b81afe1d38fff65ca5eca84995a4e83.jpg","height":640,"width":640,"date_captured":"2022-11-21T06:22:14+00:00"},{"id":22,"license":1,"file_name":"wb9_jpg.rf.604c264e4fc626bed0adbd3742d8962d.jpg","height":640,"width":640,"date_captured":"2022-11-21T06:22:14+00:00"},{"id":23,"license":1,"file_name":"wb7_jpg.rf.45746dde524a6ea622c077b076672a66.jpg","height":640,"width":640,"date_captured":"2022-11-21T06:22:14+00:00"},{"id":24,"license":1,"file_name":"w7_jpeg.rf.714caff0bf09e586779706fbe9c339cb.jpg","height":640,"width":640,"date_captured":"2022-11-21T06:22:14+00:00"},{"id":25,"license":1,"file_name":"s10_jpeg.rf.664b2b8db9bbe767c3100478eea02c7d.jpg","height":640,"width":640,"date_captured":"2022-11-21T06:22:14+00:00"},{"id":26,"license":1,"file_name":"wb6_jpg.rf.6581bb409becc892efd594c67df95374.jpg","height":640,"width":640,"date_captured":"2022-11-21T06:22:14+00:00"},{"id":27,"license":1,"file_name":"7_1_jpg.rf.537ddc56b7b65b75a1e42a16a9d17076.jpg","height":640,"width":640,"date_captured":"2022-11-21T06:22:14+00:00"},{"id":28,"license":1,"file_name":"3_1_jpg.rf.90c88fb98355451239d4a0779624576f.jpg","height":640,"width":640,"date_captured":"2022-11-21T06:22:14+00:00"},{"id":29,"license":1,"file_name":"000077_jpg.rf.95eb1b57503d9cc3ccf311ec9f2c2fc9.jpg","height":640,"width":640,"date_captured":"2022-11-21T06:22:14+00:00"},{"id":30,"license":1,"file_name":"t7_jpeg.rf.9a080907b314f7553af43dccd3ccea10.jpg","height":640,"width":640,"date_captured":"2022-11-21T06:22:14+00:00"},{"id":31,"license":1,"file_name":"3_jpeg.rf.675da2fcb8199782a3ec2760c919aab1.jpg","height":640,"width":640,"date_captured":"2022-11-21T06:22:14+00:00"},{"id":32,"license":1,"file_name":"wb1_jpeg.rf.518139062c38094af35ecb1304e65470.jpg","height":640,"width":640,"date_captured":"2022-11-21T06:22:14+00:00"},{"id":33,"license":1,"file_name":"000062-4-_jpg.rf.91fbb5d7054d39ae92add8a894833826.jpg","height":640,"width":640,"date_captured":"2022-11-21T06:22:14+00:00"},{"id":34,"license":1,"file_name":"10_1_jpg.rf.9dad630c8022bf3bd2eda1570eaf8724.jpg","height":640,"width":640,"date_captured":"2022-11-21T06:22:14+00:00"},{"id":35,"license":1,"file_name":"z9_png.rf.9a29a24c61b1d29e056e3c7c748bd81a.jpg","height":640,"width":640,"date_captured":"2022-11-21T06:22:14+00:00"},{"id":36,"license":1,"file_name":"000079_jpg.rf.ac41e6682b248a8f5c42c848467db9f5.jpg","height":640,"width":640,"date_captured":"2022-11-21T06:22:14+00:00"},{"id":37,"license":1,"file_name":"w2_jpeg.rf.90183cf53c8761199bd8047fac7f8e5d.jpg","height":640,"width":640,"date_captured":"2022-11-21T06:22:14+00:00"},{"id":38,"license":1,"file_name":"s5_jpeg.rf.966c254547489c90ce9ab739de034b76.jpg","height":640,"width":640,"date_captured":"2022-11-21T06:22:14+00:00"},{"id":39,"license":1,"file_name":"s8_jpeg.rf.af6366f56d638e5322f1f9782f67e3ec.jpg","height":640,"width":640,"date_captured":"2022-11-21T06:22:14+00:00"},{"id":40,"license":1,"file_name":"t3_jpeg.rf.9bc80fff7db448401a44f4a6a897c13a.jpg","height":640,"width":640,"date_captured":"2022-11-21T06:22:14+00:00"},{"id":41,"license":1,"file_name":"000062-1-_jpg.rf.cdca2a448c62fa056059fa0a61f0288e.jpg","height":640,"width":640,"date_captured":"2022-11-21T06:22:14+00:00"},{"id":42,"license":1,"file_name":"t1_jpeg.rf.817f766a800cda325f7847155851c021.jpg","height":640,"width":640,"date_captured":"2022-11-21T06:22:14+00:00"},{"id":43,"license":1,"file_name":"t4_jpeg.rf.c86e048d309f41200259535b1718abe9.jpg","height":640,"width":640,"date_captured":"2022-11-21T06:22:14+00:00"},{"id":44,"license":1,"file_name":"000076-2-_jpg.rf.a639c57bb5ceb228d816484d038f0b79.jpg","height":640,"width":640,"date_captured":"2022-11-21T06:22:14+00:00"},{"id":45,"license":1,"file_name":"s7_jpeg.rf.cd49a1d23bc2664e7a40ffd7a6acf55c.jpg","height":640,"width":640,"date_captured":"2022-11-21T06:22:14+00:00"},{"id":46,"license":1,"file_name":"000098_jpg.rf.a3de2e0a23f4c01f65d651789ab26382.jpg","height":640,"width":640,"date_captured":"2022-11-21T06:22:14+00:00"},{"id":47,"license":1,"file_name":"s3_jpeg.rf.613e220f9a4bf622607d9d3f224165bd.jpg","height":640,"width":640,"date_captured":"2022-11-21T06:22:14+00:00"},{"id":48,"license":1,"file_name":"000078_jpg.rf.dd864f1aa215b70ea8e0855c5c1f0ddb.jpg","height":640,"width":640,"date_captured":"2022-11-21T06:22:14+00:00"},{"id":49,"license":1,"file_name":"z1_jpg.rf.6b562cade2f313eb26f651d2e2ba595b.jpg","height":640,"width":640,"date_captured":"2022-11-21T06:22:14+00:00"},{"id":50,"license":1,"file_name":"w5_jpeg.rf.cf6948e0f23a4488ed26aa223e0760a3.jpg","height":640,"width":640,"date_captured":"2022-11-21T06:22:14+00:00"},{"id":51,"license":1,"file_name":"000062-3-_jpg.rf.ad2bab76ca4d2bd77c0cf300aa3c6fb3.jpg","height":640,"width":640,"date_captured":"2022-11-21T06:22:14+00:00"},{"id":52,"license":1,"file_name":"d1_jpg.rf.dec253b71bcd8c965565caf1f6ca2a41.jpg","height":640,"width":640,"date_captured":"2022-11-21T06:22:14+00:00"},{"id":53,"license":1,"file_name":"z3_jpg.rf.e8e256a21b67edbd4842ac034e1e5dad.jpg","height":640,"width":640,"date_captured":"2022-11-21T06:22:14+00:00"},{"id":54,"license":1,"file_name":"z5_jpeg.rf.d5d08514402e8e872fdb29446af59fdf.jpg","height":640,"width":640,"date_captured":"2022-11-21T06:22:14+00:00"},{"id":55,"license":1,"file_name":"000077-2-_jpg.rf.d6a7b061dc705c467185197ceb43c98e.jpg","height":640,"width":640,"date_captured":"2022-11-21T06:22:14+00:00"},{"id":56,"license":1,"file_name":"wb5_jpg.rf.dd909f566e7ed9f9c295d0e2d71467ed.jpg","height":640,"width":640,"date_captured":"2022-11-21T06:22:14+00:00"},{"id":57,"license":1,"file_name":"z4_jpg.rf.d816e3721dde25b61c9b0f6c8886011a.jpg","height":640,"width":640,"date_captured":"2022-11-21T06:22:14+00:00"},{"id":58,"license":1,"file_name":"w1_jpeg.rf.fed2f70489e36816e6ceac34f5711c05.jpg","height":640,"width":640,"date_captured":"2022-11-21T06:22:14+00:00"},{"id":59,"license":1,"file_name":"000076-1-_jpg.rf.a2cbccf1b266a2e2c2118e0637510d03.jpg","height":640,"width":640,"date_captured":"2022-11-21T06:22:14+00:00"},{"id":60,"license":1,"file_name":"w4_jpeg.rf.e13d07524f3b1978971b80deddc2e413.jpg","height":640,"width":640,"date_captured":"2022-11-21T06:22:14+00:00"},{"id":61,"license":1,"file_name":"000063-1-_jpg.rf.ebcb1cfd8f9fac1822424645b5d7ed3e.jpg","height":640,"width":640,"date_captured":"2022-11-21T06:22:14+00:00"},{"id":62,"license":1,"file_name":"000076_jpg.rf.f62015a936325e3e15f1b6658b58734c.jpg","height":640,"width":640,"date_captured":"2022-11-21T06:22:14+00:00"},{"id":63,"license":1,"file_name":"t10_jpeg.rf.e01d65066073fc7230508a66120ed9cd.jpg","height":640,"width":640,"date_captured":"2022-11-21T06:22:14+00:00"},{"id":64,"license":1,"file_name":"000077-3-_jpg.rf.fea63ce82776e99fd17ee93896159bcf.jpg","height":640,"width":640,"date_captured":"2022-11-21T06:22:14+00:00"},{"id":65,"license":1,"file_name":"1_jpeg.rf.e9dd0d9e007dbc0e31c9a615533a28f8.jpg","height":640,"width":640,"date_captured":"2022-11-21T06:22:14+00:00"},{"id":66,"license":1,"file_name":"000077-4-_jpg.rf.b7afd3fa7285a2123060e4119f2f5b91.jpg","height":640,"width":640,"date_captured":"2022-11-21T06:22:14+00:00"},{"id":67,"license":1,"file_name":"z8_jpeg.rf.4540c306ec03fce75347245d9155241e.jpg","height":640,"width":640,"date_captured":"2022-11-21T06:22:14+00:00"},{"id":68,"license":1,"file_name":"s6_jpeg.rf.fb35139319a76c3dfd56fd0184172bad.jpg","height":640,"width":640,"date_captured":"2022-11-21T06:22:14+00:00"}],"annotations":[{"id":0,"image_id":0,"category_id":5,"bbox":[113,31,467,434.5],"area":202911.5,"segmentation":[],"iscrowd":0},{"id":1,"image_id":1,"category_id":3,"bbox":[12,0,602,626],"area":376852,"segmentation":[],"iscrowd":0},{"id":2,"image_id":2,"category_id":2,"bbox":[18,133,576.5,436.5],"area":251642.25,"segmentation":[],"iscrowd":0},{"id":3,"image_id":4,"category_id":1,"bbox":[10,2,617.5,456.5],"area":281888.75,"segmentation":[],"iscrowd":0},{"id":4,"image_id":5,"category_id":5,"bbox":[19,14,601.5,458.5],"area":275787.75,"segmentation":[],"iscrowd":0},{"id":5,"image_id":6,"category_id":6,"bbox":[5,7,502.5,353.5],"area":177633.75,"segmentation":[],"iscrowd":0},{"id":6,"image_id":7,"category_id":1,"bbox":[70,56,506,452.5],"area":228965,"segmentation":[],"iscrowd":0},{"id":7,"image_id":10,"category_id":3,"bbox":[15,0,595,639],"area":380205,"segmentation":[],"iscrowd":0},{"id":8,"image_id":11,"category_id":7,"bbox":[9,50,606,491],"area":297546,"segmentation":[],"iscrowd":0},{"id":9,"image_id":12,"category_id":3,"bbox":[1,151,635,370],"area":234950,"segmentation":[],"iscrowd":0},{"id":10,"image_id":13,"category_id":8,"bbox":[1,156,448,386.5],"area":173152,"segmentation":[],"iscrowd":0},{"id":11,"image_id":14,"category_id":3,"bbox":[0,132,639.5,373],"area":238533.5,"segmentation":[],"iscrowd":0},{"id":12,"image_id":15,"category_id":7,"bbox":[18,21,593.5,491],"area":291408.5,"segmentation":[],"iscrowd":0},{"id":13,"image_id":16,"category_id":4,"bbox":[25,53,575,549],"area":315675,"segmentation":[],"iscrowd":0},{"id":14,"image_id":16,"category_id":1,"bbox":[24,46,579,563],"area":325977,"segmentation":[],"iscrowd":0},{"id":15,"image_id":17,"category_id":3,"bbox":[0,107,624.5,420.5],"area":262602.25,"segmentation":[],"iscrowd":0},{"id":16,"image_id":18,"category_id":2,"bbox":[69,49,521,408.5],"area":212828.5,"segmentation":[],"iscrowd":0},{"id":17,"image_id":19,"category_id":5,"bbox":[34,3,535.5,382.5],"area":204828.75,"segmentation":[],"iscrowd":0},{"id":18,"image_id":20,"category_id":2,"bbox":[25,125,536,436.5],"area":233964,"segmentation":[],"iscrowd":0},{"id":19,"image_id":21,"category_id":5,"bbox":[29,34,527.5,504],"area":265860,"segmentation":[],"iscrowd":0},{"id":20,"image_id":22,"category_id":7,"bbox":[3,0,629,636],"area":400044,"segmentation":[],"iscrowd":0},{"id":21,"image_id":23,"category_id":6,"bbox":[47,10,528.5,557.5],"area":294638.75,"segmentation":[],"iscrowd":0},{"id":22,"image_id":25,"category_id":5,"bbox":[170,17,371,501.5],"area":186056.5,"segmentation":[],"iscrowd":0},{"id":23,"image_id":26,"category_id":7,"bbox":[19,17,592,561],"area":332112,"segmentation":[],"iscrowd":0},{"id":24,"image_id":27,"category_id":2,"bbox":[14,127,619,380.5],"area":235529.5,"segmentation":[],"iscrowd":0},{"id":25,"image_id":28,"category_id":2,"bbox":[7,12,605.5,495],"area":299722.5,"segmentation":[],"iscrowd":0},{"id":26,"image_id":29,"category_id":8,"bbox":[24,35,537,428.5],"area":230104.5,"segmentation":[],"iscrowd":0},{"id":27,"image_id":30,"category_id":5,"bbox":[38,23,536,521.5],"area":279524,"segmentation":[],"iscrowd":0},{"id":28,"image_id":32,"category_id":7,"bbox":[71,77,560,488],"area":273280,"segmentation":[],"iscrowd":0},{"id":29,"image_id":33,"category_id":2,"bbox":[0,8,618,478.5],"area":295713,"segmentation":[],"iscrowd":0},{"id":30,"image_id":34,"category_id":2,"bbox":[5,88,634.5,482.5],"area":306146.25,"segmentation":[],"iscrowd":0},{"id":31,"image_id":35,"category_id":8,"bbox":[18,40,529.5,499.5],"area":264485.25,"segmentation":[],"iscrowd":0},{"id":32,"image_id":36,"category_id":8,"bbox":[22,12,541,491],"area":265631,"segmentation":[],"iscrowd":0},{"id":33,"image_id":37,"category_id":6,"bbox":[28,24,488.5,555.5],"area":271361.75,"segmentation":[],"iscrowd":0},{"id":34,"image_id":40,"category_id":5,"bbox":[15,17,603.5,564],"area":340374,"segmentation":[],"iscrowd":0},{"id":35,"image_id":41,"category_id":4,"bbox":[15,118,602.5,414],"area":249435,"segmentation":[],"iscrowd":0},{"id":36,"image_id":44,"category_id":1,"bbox":[8,12,618,483.5],"area":298803,"segmentation":[],"iscrowd":0},{"id":37,"image_id":46,"category_id":8,"bbox":[28,83,566,423],"area":239418,"segmentation":[],"iscrowd":0},{"id":38,"image_id":48,"category_id":8,"bbox":[1,8,636.5,482.5],"area":307111.25,"segmentation":[],"iscrowd":0},{"id":39,"image_id":49,"category_id":8,"bbox":[18,103,585,434.5],"area":254182.5,"segmentation":[],"iscrowd":0},{"id":40,"image_id":50,"category_id":6,"bbox":[62,60,536,407],"area":218152,"segmentation":[],"iscrowd":0},{"id":41,"image_id":51,"category_id":5,"bbox":[13,102,603.5,404.5],"area":244115.75,"segmentation":[],"iscrowd":0},{"id":42,"image_id":52,"category_id":3,"bbox":[17,13,574.5,589],"area":338380.5,"segmentation":[],"iscrowd":0},{"id":43,"image_id":53,"category_id":8,"bbox":[6,29,439.5,460.5],"area":202389.75,"segmentation":[],"iscrowd":0},{"id":44,"image_id":54,"category_id":8,"bbox":[174,48,306.5,422],"area":129343,"segmentation":[],"iscrowd":0},{"id":45,"image_id":55,"category_id":1,"bbox":[0,0,584,555],"area":324120,"segmentation":[],"iscrowd":0},{"id":46,"image_id":56,"category_id":7,"bbox":[29,147,598,413],"area":246974,"segmentation":[],"iscrowd":0},{"id":47,"image_id":57,"category_id":8,"bbox":[35,105,453.5,429],"area":194551.5,"segmentation":[],"iscrowd":0},{"id":48,"image_id":58,"category_id":6,"bbox":[4,5,620,552.5],"area":342550,"segmentation":[],"iscrowd":0},{"id":49,"image_id":59,"category_id":3,"bbox":[1,183,619,310.5],"area":192199.5,"segmentation":[],"iscrowd":0},{"id":50,"image_id":60,"category_id":6,"bbox":[7,15,630,505.5],"area":318465,"segmentation":[],"iscrowd":0},{"id":51,"image_id":61,"category_id":3,"bbox":[26,83,582,462],"area":268884,"segmentation":[],"iscrowd":0},{"id":52,"image_id":62,"category_id":8,"bbox":[75,74,496.5,501.5],"area":248994.75,"segmentation":[],"iscrowd":0},{"id":53,"image_id":63,"category_id":5,"bbox":[34,43,579.5,506.5],"area":293516.75,"segmentation":[],"iscrowd":0},{"id":54,"image_id":64,"category_id":5,"bbox":[26,45,594,548.5],"area":325809,"segmentation":[],"iscrowd":0},{"id":55,"image_id":65,"category_id":5,"bbox":[57,64,539.5,446],"area":240617,"segmentation":[],"iscrowd":0},{"id":56,"image_id":66,"category_id":8,"bbox":[26,41,567,340],"area":192780,"segmentation":[],"iscrowd":0},{"id":57,"image_id":67,"category_id":8,"bbox":[11,0,601,635],"area":381635,"segmentation":[],"iscrowd":0}]}